LISTING_NEIGHBOURHOOD,MONTH_YEAR,TOTAL_LISTINGS,ACTIVE_LISTINGS_RATE,TRUE_MIN_PRICE_ACTIVE_LISTINGS,TRUE_MAX_PRICE_ACTIVE_LISTINGS,TRUE_AVG_PRICE_ACTIVE_LISTINGS,TRUE_MEDIAN_PRICE_ACTIVE_LISTINGS,TOTAL_DISTINCT_HOSTS,TOTAL_SUPERHOST_COUNT,TRUE_AVG_REVIEW_SCORE_RATING,PERCENTAGE_CHANGE_ACTIVE,PERCENTAGE_CHANGE_INACTIVE,TOTAL_NUMBER_OF_STAYS,AVG_REV
bayside,01_2021,1502,100.000000,15,2904,419.290763,145.000,1128,154,89.909348,,,31143,2631.884820
bayside,02_2021,1483,99.730276,15,2904,388.095332,145.000,1111,153,89.828643,-2%,,28791,2419.035064
bayside,03_2021,1451,99.655410,15,2904,486.058719,159.000,1106,151,89.056578,-2%,25%,29291,2712.603722
bayside,04_2021,1436,99.164345,15,2904,358.363118,145.000,1087,145,90.018891,-2%,140%,28947,2590.562674
bayside,05_2020,1616,100.000000,0,15367,639.765129,139.000,1220,180,89.706696,13%,-100%,30899,2461.658416
bayside,06_2020,1586,100.000000,0,14478,632.670201,129.000,1201,176,89.966045,-2%,,30393,2498.889029
bayside,07_2020,1551,100.000000,0,14376,697.294938,135.000,1171,169,89.653061,-2%,,30624,2462.005803
bayside,08_2020,1380,100.000000,17,2904,126.517830,96.000,1051,157,90.007348,-11%,,24945,1916.742029
bayside,09_2020,1540,100.000000,17,2904,132.902955,115.000,1157,165,89.913296,12%,,28798,1961.669481
bayside,10_2020,1513,100.000000,17,2904,122.029050,110.000,1141,161,90.154095,-2%,,30281,2103.468605
bayside,11_2020,1477,100.000000,14,2904,132.713657,116.000,1115,160,89.932434,-2%,,27938,2083.918077
bayside,12_2020,1493,100.000000,15,2904,138.402217,120.000,1128,156,90.506966,1%,,31826,2486.866711
blacktown,01_2021,285,100.000000,22,2228,726.820875,80.000,213,37,91.206368,,,4095,1718.115789
blacktown,02_2021,276,99.637681,22,2000,113.256775,94.500,216,37,91.673599,-4%,,3299,1078.456522
blacktown,03_2021,273,98.168498,22,2000,141.387471,100.000,216,39,93.012322,-3%,400%,3457,1209.761905
blacktown,04_2021,275,96.000000,22,2000,139.523733,113.000,218,40,92.513094,-1%,120%,3540,1269.745455
blacktown,05_2020,318,100.000000,23,1099,88.312780,60.000,239,40,88.675926,20%,-100%,3628,1037.927673
blacktown,06_2020,307,100.000000,23,1099,77.435243,59.000,234,42,90.751432,-3%,,3816,1109.097720
blacktown,07_2020,301,100.000000,23,2164,694.710391,79.000,230,40,91.483982,-2%,,4365,1376.843854
blacktown,08_2020,282,100.000000,20,2000,78.046564,59.000,216,36,91.280398,-6%,,3318,1228.808511
blacktown,09_2020,289,100.000000,20,2000,76.613772,59.000,220,36,91.580333,2%,,3614,1179.377163
blacktown,10_2020,281,100.000000,18,2000,82.630965,65.000,216,35,91.947753,-3%,,4098,1673.427046
blacktown,11_2020,285,100.000000,18,2000,80.073139,59.000,221,35,91.715135,1%,,3409,1227.364912
blacktown,12_2020,285,99.649123,22,2000,80.414760,59.000,217,37,91.362966,0%,,4423,1670.414035
burwood,01_2021,251,100.000000,16,530,86.235681,39.000,149,20,88.245824,,,4641,1636.167331
burwood,02_2021,230,100.000000,16,530,80.577759,39.000,145,19,89.236438,-8%,,3999,1451.769565
burwood,03_2021,221,100.000000,16,530,84.164182,50.000,143,19,88.976224,-4%,,4248,1693.434389
burwood,04_2021,228,100.000000,16,530,101.072733,106.000,151,22,86.876325,3%,,4036,1651.605263
burwood,05_2020,271,100.000000,15,2440,1024.927542,150.000,169,27,89.482186,19%,,4615,2000.214022
burwood,06_2020,263,100.000000,14,2440,958.358459,120.000,165,25,88.849817,-3%,,4224,2066.847909
burwood,07_2020,265,100.000000,14,2711,1027.578227,127.000,161,24,90.283361,1%,,4398,1884.992453
burwood,08_2020,245,100.000000,15,530,95.716229,100.000,152,21,90.715654,-8%,,3757,1272.820408
burwood,09_2020,263,100.000000,15,530,96.996433,105.000,158,21,91.074057,7%,,4236,1338.463878
burwood,10_2020,265,100.000000,15,530,89.968197,86.000,163,23,89.378840,1%,,4367,1350.094340
burwood,11_2020,254,100.000000,15,530,68.616453,40.000,153,21,89.319994,-4%,,3888,1248.625984
burwood,12_2020,252,100.000000,16,530,89.650528,40.000,151,20,89.810601,-1%,,4599,1635.718254
camden,01_2021,53,100.000000,35,448,182.985183,191.000,43,18,94.921182,,,855,1837.056604
camden,02_2021,52,100.000000,35,427,174.650694,181.000,42,18,94.817896,-2%,,744,1734.557692
camden,03_2021,51,100.000000,35,425,209.304172,226.000,41,18,94.817896,-2%,,838,1971.019608
camden,04_2021,50,100.000000,35,425,177.372660,198.000,40,18,96.046632,-2%,,922,1968.800000
camden,05_2020,49,100.000000,35,350,109.157274,80.000,41,17,95.373494,-2%,,606,1183.734694
camden,06_2020,50,100.000000,32,350,105.975186,80.000,41,18,95.677758,2%,,657,1462.100000
camden,07_2020,50,100.000000,31,2157,1672.522177,2157.000,42,18,95.895118,0%,,820,2329.600000
camden,08_2020,47,100.000000,35,400,112.121693,85.000,41,19,96.080790,-6%,,695,1616.531915
camden,09_2020,48,100.000000,35,400,110.882660,85.000,42,20,96.098592,2%,,770,1825.770833
camden,10_2020,53,100.000000,35,425,115.509561,99.000,43,20,96.073005,10%,,814,1754.000000
camden,11_2020,53,100.000000,35,425,149.049516,109.000,42,19,94.996820,0%,,841,1801.018868
camden,12_2020,53,100.000000,35,472,161.602620,105.000,43,19,95.140823,0%,,930,2250.075472
campbelltown,01_2021,103,100.000000,21,8000,706.500999,229.000,69,21,88.683234,,,1977,3293.834951
campbelltown,02_2021,107,99.065421,20,10000,1077.455039,361.000,73,23,89.532675,3%,,1780,3476.981308
campbelltown,03_2021,107,99.065421,22,10000,1409.183549,390.000,72,23,89.841163,0%,0%,2097,3542.504673
campbelltown,04_2021,106,99.056604,25,760,215.025381,269.000,72,21,89.876229,-1%,0%,1930,2323.160377
campbelltown,05_2020,119,100.000000,20,2500,223.112918,75.000,75,25,91.798946,13%,-100%,1850,1291.731092
campbelltown,06_2020,119,100.000000,20,2500,232.888076,80.000,75,24,92.536940,0%,,1889,1887.571429
campbelltown,07_2020,113,100.000000,20,2500,1196.118492,2157.000,73,23,92.353699,-5%,,1770,2274.787611
campbelltown,08_2020,94,100.000000,25,2500,201.218849,162.000,68,23,92.076082,-17%,,1173,1733.042553
campbelltown,09_2020,100,100.000000,25,510,119.934043,76.000,71,23,92.339696,6%,,1528,1246.340000
campbelltown,10_2020,96,100.000000,25,659,132.173620,84.000,67,22,90.719606,-4%,,1683,1733.156250
campbelltown,11_2020,99,100.000000,25,660,139.201508,84.000,68,23,90.455548,3%,,1599,1426.050505
campbelltown,12_2020,102,100.000000,24,2243,1132.653694,426.000,69,21,89.183900,3%,,1867,3326.500000
canada bay,01_2021,384,100.000000,21,3586,203.360637,130.000,327,39,88.303859,,,8390,3378.106771
canada bay,02_2021,383,99.738903,21,3300,207.815556,155.000,322,38,87.506620,-1%,,7995,3208.258486
canada bay,03_2021,381,99.737533,21,3300,199.729097,141.000,321,37,86.920998,-1%,0%,8366,3438.674541
canada bay,04_2021,375,99.466667,25,3300,199.230627,168.000,314,37,91.050251,-2%,100%,7795,3311.570667
canada bay,05_2020,464,100.000000,24,2440,643.224439,193.000,384,50,92.280178,24%,-100%,8923,2836.644397
canada bay,06_2020,444,100.000000,24,2440,664.414159,193.000,372,48,88.272383,-4%,,8875,2936.110360
canada bay,07_2020,424,100.000000,24,2711,738.439839,188.000,359,46,88.726094,-5%,,8719,3212.167453
canada bay,08_2020,357,100.000000,25,1450,184.080571,139.000,310,42,91.186252,-16%,,7167,2866.254902
canada bay,09_2020,400,100.000000,25,1450,196.870452,137.000,345,42,90.373358,12%,,8214,2895.402500
canada bay,10_2020,396,100.000000,25,1100,187.643935,131.000,343,40,91.884489,-1%,,8666,3097.512626
canada bay,11_2020,372,100.000000,21,1100,190.007017,142.000,322,37,93.340907,-6%,,7758,2887.440860
canada bay,12_2020,381,100.000000,21,3300,212.001898,136.000,324,39,90.697458,2%,,8552,3385.587927
canterbury-bankstown,01_2021,594,100.000000,13,893,128.478723,136.000,452,60,87.538751,,,10277,1658.828283
canterbury-bankstown,02_2021,596,99.496644,13,2261,293.123054,136.000,453,59,88.367683,0%,,9541,1709.656040
canterbury-bankstown,03_2021,586,99.488055,13,1000,138.711583,122.000,450,59,88.407207,-2%,0%,9753,1585.518771
canterbury-bankstown,04_2021,577,98.960139,13,851,136.598628,100.000,448,59,88.545872,-2%,100%,9206,1486.188908
canterbury-bankstown,05_2020,657,100.000000,12,1000,94.404667,86.000,502,65,87.983317,15%,-100%,9625,1336.185693
canterbury-bankstown,06_2020,650,100.000000,13,999,94.152615,85.000,494,64,88.028897,-1%,,9995,1437.427692
canterbury-bankstown,07_2020,632,100.000000,13,2157,239.153505,96.000,490,65,88.227005,-3%,,10114,1479.015823
canterbury-bankstown,08_2020,557,100.000000,13,850,97.731471,90.000,429,57,88.451961,-12%,,7862,1225.362657
canterbury-bankstown,09_2020,613,100.000000,13,650,116.006928,110.000,475,65,88.234812,10%,,9405,1337.686786
canterbury-bankstown,10_2020,612,100.000000,13,650,103.682605,100.000,474,65,86.386192,0%,,10499,1519.024510
canterbury-bankstown,11_2020,591,100.000000,13,900,120.869026,110.000,465,65,87.757871,-3%,,9154,1391.353638
canterbury-bankstown,12_2020,597,100.000000,13,900,116.114214,113.000,457,61,89.015002,1%,,11261,1839.879397
cumberland,01_2021,464,100.000000,15,15000,157.798785,121.000,357,66,79.950123,,,9211,4137.532328
cumberland,02_2021,473,99.788584,15,15000,146.794556,120.000,359,67,81.998412,2%,,8879,3835.938689
cumberland,03_2021,482,99.792531,15,15000,163.140541,120.000,359,65,83.669295,2%,0%,10040,4089.348548
cumberland,04_2021,444,99.099099,15,15000,126.782499,115.000,331,62,85.785935,-9%,300%,8713,4152.650901
cumberland,05_2020,582,100.000000,15,14999,220.808268,136.000,409,80,89.808910,32%,-100%,10724,3174.429553
cumberland,06_2020,546,100.000000,14,15000,222.528234,135.000,397,75,89.624528,-6%,,10058,2843.725275
cumberland,07_2020,499,100.000000,14,15000,418.209461,137.000,368,69,90.366941,-9%,,9702,3969.094188
cumberland,08_2020,425,100.000000,15,15000,109.434884,99.000,318,65,88.120261,-15%,,7711,3064.962353
cumberland,09_2020,479,100.000000,15,15000,118.607990,99.000,360,72,88.415890,13%,,9272,3934.425887
cumberland,10_2020,468,100.000000,15,15000,117.143034,99.000,354,69,89.323249,-2%,,9398,4101.440171
cumberland,11_2020,469,100.000000,15,15000,104.831520,97.000,358,71,90.385470,0%,,8783,3909.452026
cumberland,12_2020,469,100.000000,15,15000,118.744220,107.000,359,65,79.363454,0%,,9843,4254.437100
fairfield,01_2021,83,100.000000,15,840,113.819196,20.000,54,10,92.039522,,,1589,1874.421687
fairfield,02_2021,86,98.837209,20,840,119.329878,37.000,56,11,92.067141,2%,,1284,1249.395349
fairfield,03_2021,88,98.863636,17,840,135.860951,27.000,57,11,93.888905,2%,0%,1444,1503.875000
fairfield,04_2021,93,98.924731,20,840,171.317969,36.000,60,11,91.007934,6%,0%,1357,1341.010753
fairfield,05_2020,96,100.000000,20,501,72.824884,58.000,56,11,82.068550,4%,-100%,1162,1127.552083
fairfield,06_2020,98,100.000000,20,501,72.472973,57.000,57,11,81.526405,2%,,1355,1219.938776
fairfield,07_2020,103,100.000000,20,2164,1073.879108,210.000,57,11,82.004015,5%,,1426,1366.524272
fairfield,08_2020,89,100.000000,20,840,51.748541,31.000,53,10,81.631930,-14%,,1176,903.483146
fairfield,09_2020,92,100.000000,20,840,53.560830,31.000,54,10,81.764404,3%,,1251,962.967391
fairfield,10_2020,85,100.000000,20,840,54.157936,34.000,49,10,83.623274,-8%,,1349,1239.847059
fairfield,11_2020,82,100.000000,20,840,38.799118,27.000,52,11,91.796416,-4%,,1224,1146.743902
fairfield,12_2020,85,100.000000,20,1429,44.896455,21.000,56,11,91.062869,4%,,1433,1778.164706
georges river,01_2021,397,100.000000,21,1807,136.831111,99.000,291,49,90.184638,,,8192,2137.277078
georges river,02_2021,394,99.746193,21,1750,127.809817,88.000,289,49,90.057440,-1%,,7445,1876.723350
georges river,03_2021,390,99.743590,21,1750,129.084772,80.000,291,47,89.716360,-1%,0%,7651,1943.069231
georges river,04_2021,377,98.143236,21,1750,129.625150,79.000,284,44,89.566816,-5%,600%,6967,1850.066313
georges river,05_2020,416,100.000000,0,3500,160.883921,139.000,312,49,90.607670,12%,-100%,7353,1955.209135
georges river,06_2020,414,100.000000,0,3499,162.984739,143.000,305,47,90.967908,0%,,7389,2109.623188
georges river,07_2020,414,100.000000,0,1500,155.707938,138.000,305,49,91.363299,0%,,7819,2081.311594
georges river,08_2020,356,100.000000,25,997,111.888340,89.000,272,49,87.173746,-14%,,6207,1689.803371
georges river,09_2020,419,100.000000,21,1250,130.323214,100.000,298,49,89.760267,18%,,7853,1838.245823
georges river,10_2020,415,100.000000,21,1302,138.782053,110.000,295,48,89.998772,-1%,,8299,2142.419277
georges river,11_2020,419,100.000000,21,1564,133.639799,97.000,302,54,91.318905,1%,,7794,1984.066826
georges river,12_2020,399,100.000000,21,1850,139.935243,109.000,294,51,91.669489,-5%,,8462,2333.997494
hornsby,01_2021,430,100.000000,20,1466,140.710853,120.000,321,109,91.534055,,,8368,3242.020930
hornsby,02_2021,425,99.529412,20,1466,135.790686,120.000,319,108,92.000833,-2%,,7269,2805.705882
hornsby,03_2021,420,99.523810,20,1466,143.020959,120.000,316,105,91.152862,-1%,0%,7499,2893.204762
hornsby,04_2021,423,98.581560,20,1466,147.490118,106.000,322,104,91.102842,0%,200%,7196,2749.827423
hornsby,05_2020,465,100.000000,20,5000,126.679045,100.000,338,103,91.139455,12%,-100%,7581,2004.350538
hornsby,06_2020,456,100.000000,20,4999,118.211533,99.000,325,101,91.867233,-2%,,7987,2320.118421
hornsby,07_2020,457,100.000000,20,5000,579.258482,120.000,324,104,91.520845,0%,,8059,2503.857768
hornsby,08_2020,407,100.000000,20,5000,118.554274,88.000,296,101,91.205065,-11%,,6666,2310.963145
hornsby,09_2020,445,100.000000,20,5000,125.041722,100.000,316,104,91.775352,9%,,7979,2732.278652
hornsby,10_2020,426,100.000000,20,1466,123.523209,112.000,309,103,91.929555,-4%,,8140,2810.835681
hornsby,11_2020,414,100.000000,20,1466,126.858804,106.000,305,106,91.343212,-3%,,7159,2774.289855
hornsby,12_2020,436,99.770642,20,1466,134.974528,106.000,322,107,91.629393,5%,,8745,3563.142202
hunters hill,01_2021,52,100.000000,30,1200,213.865952,230.000,50,6,90.896742,,,1168,6406.615385
hunters hill,02_2021,51,100.000000,30,1500,217.175304,120.000,49,6,90.568872,-2%,,1028,6134.196078
hunters hill,03_2021,51,100.000000,30,1500,336.827959,302.000,49,6,88.813159,0%,,1012,5607.980392
hunters hill,04_2021,54,100.000000,30,1500,300.274039,228.000,51,7,89.794986,6%,,986,5346.425926
hunters hill,05_2020,54,100.000000,35,2440,1075.874746,298.000,54,5,92.091752,0%,,1091,7110.240741
hunters hill,06_2020,55,100.000000,35,2440,1075.653623,299.000,55,5,92.092195,2%,,1075,6206.981818
hunters hill,07_2020,53,100.000000,36,2711,1179.690366,298.000,53,5,92.109482,-4%,,1049,6900.943396
hunters hill,08_2020,45,100.000000,30,1100,244.395703,201.000,45,5,92.561377,-15%,,887,5180.444444
hunters hill,09_2020,50,100.000000,30,1100,250.381050,215.000,50,5,92.601985,11%,,1005,5519.700000
hunters hill,10_2020,51,100.000000,30,1100,259.154762,215.000,51,6,92.600995,2%,,1044,5783.392157
hunters hill,11_2020,50,100.000000,30,1000,203.947006,210.000,50,6,90.477694,-2%,,946,4390.520000
hunters hill,12_2020,51,100.000000,30,1000,203.581985,112.000,50,7,90.930297,2%,,1169,6019.137255
inner west,01_2021,2205,99.954649,17,9021,172.160359,124.000,1838,276,89.558859,,,53109,3726.501587
inner west,02_2021,2183,100.000000,17,9021,171.236101,125.000,1828,270,90.185006,-1%,-100%,50948,3516.485570
inner west,03_2021,2158,100.000000,17,9021,169.393348,126.000,1805,266,89.871087,-1%,,51402,3596.897590
inner west,04_2021,2123,99.481865,17,9021,175.342969,132.000,1761,266,90.011063,-2%,,51027,3736.311352
inner west,05_2020,2443,100.000000,15,9022,921.920301,208.000,2010,315,89.252542,16%,-100%,54280,3745.191158
inner west,06_2020,2415,100.000000,14,9021,968.357749,220.000,1971,300,89.793932,-1%,,53850,3836.463768
inner west,07_2020,2318,100.000000,14,9020,958.467802,204.000,1923,298,89.839593,-4%,,52287,3825.835203
inner west,08_2020,2049,100.000000,17,9021,230.647710,118.000,1700,276,89.872045,-12%,,43961,3126.442167
inner west,09_2020,2299,100.000000,17,9021,223.191234,120.000,1901,288,89.725933,12%,,50932,3249.353197
inner west,10_2020,2260,100.000000,16,9021,222.129436,118.000,1878,286,89.909548,-2%,,52388,3478.676991
inner west,11_2020,2258,100.000000,17,9021,153.751825,113.000,1874,280,89.787240,0%,,50866,3331.626661
inner west,12_2020,2229,100.000000,17,9021,173.397162,129.000,1866,280,89.547301,-1%,,53946,3710.881561
lane cove,01_2021,289,100.000000,25,2200,154.251233,130.000,218,26,89.182749,,,5778,4491.366782
lane cove,02_2021,284,100.000000,25,2200,160.670477,148.000,217,26,88.566540,-2%,,5291,4462.401408
lane cove,03_2021,282,100.000000,25,2000,160.719569,137.000,215,26,88.000648,-1%,,5416,4613.223404
lane cove,04_2021,273,99.633700,25,2000,166.015879,147.000,207,24,87.376474,-4%,,5582,4915.673993
lane cove,05_2020,316,100.000000,35,3000,550.661444,150.000,249,28,92.475657,16%,-100%,5475,4419.930380
lane cove,06_2020,312,100.000000,34,3000,545.386032,151.000,244,29,92.468652,-1%,,5682,4369.365385
lane cove,07_2020,323,100.000000,25,3000,853.343691,185.000,244,29,91.725727,4%,,5830,4376.123839
lane cove,08_2020,275,100.000000,32,2073,214.138949,118.000,203,28,91.200931,-15%,,4697,3887.901818
lane cove,09_2020,301,100.000000,25,2069,152.825000,129.000,229,29,90.034405,9%,,5529,4042.714286
lane cove,10_2020,302,100.000000,25,2078,146.737798,126.000,227,29,90.850944,0%,,5934,4186.072848
lane cove,11_2020,296,100.000000,25,2750,147.335044,120.000,227,30,87.866836,-2%,,5493,4290.675676
lane cove,12_2020,291,100.000000,25,2750,183.321558,130.000,221,28,88.981392,-2%,,5909,4917.360825
liverpool,01_2021,141,100.000000,24,750,189.884973,175.000,107,22,93.183114,,,2082,1622.773050
liverpool,02_2021,138,100.000000,24,750,193.069567,147.000,106,22,93.131501,-2%,,1940,1598.963768
liverpool,03_2021,136,100.000000,24,750,241.762781,219.000,104,21,91.339373,-1%,,2183,1935.220588
liverpool,04_2021,122,100.000000,24,750,213.295370,191.000,94,17,90.676711,-10%,,2112,2127.540984
liverpool,05_2020,154,100.000000,15,586,142.655090,128.000,113,24,90.767852,26%,,2243,1766.337662
liverpool,06_2020,148,100.000000,14,550,142.262522,125.000,112,23,91.360000,-4%,,2263,1660.222973
liverpool,07_2020,155,100.000000,16,2164,1585.472051,2164.000,106,21,91.807929,5%,,2172,2708.264516
liverpool,08_2020,143,100.000000,29,530,136.185363,125.000,106,22,92.480769,-8%,,1764,1288.433566
liverpool,09_2020,137,100.000000,24,522,139.870283,127.000,102,22,92.761666,-4%,,1881,1404.291971
liverpool,10_2020,131,100.000000,24,9999,167.741276,126.000,105,23,92.572905,-4%,,2105,3936.954198
liverpool,11_2020,132,100.000000,24,9999,151.079021,124.000,108,25,93.238186,1%,,2084,3820.840909
liverpool,12_2020,133,100.000000,24,503,134.710231,126.000,106,24,93.534069,1%,,2331,2032.902256
mosman,01_2021,482,100.000000,30,8230,820.542970,676.000,335,52,88.292673,,,11191,9975.321577
mosman,02_2021,480,100.000000,30,4000,669.866373,541.000,333,52,87.942713,0%,,10938,9214.137500
mosman,03_2021,472,99.788136,30,4000,665.838495,541.000,331,52,87.892664,-2%,,11071,9785.627119
mosman,04_2021,461,99.349241,30,4000,692.120331,614.000,322,51,87.547057,-3%,200%,11096,9915.156182
mosman,05_2020,510,100.000000,31,15309,837.895344,494.000,370,61,86.555850,11%,-100%,10787,9153.460784
mosman,06_2020,509,100.000000,30,14478,714.601561,440.000,368,58,86.498086,0%,,10708,8602.856582
mosman,07_2020,492,100.000000,30,14355,718.255614,495.000,354,55,87.080065,-3%,,10606,9313.821138
mosman,08_2020,439,100.000000,30,13936,603.885898,495.000,305,49,89.199057,-11%,,8890,8476.164009
mosman,09_2020,504,100.000000,30,13748,603.146862,495.000,349,51,88.496274,15%,,10636,8630.061508
mosman,10_2020,490,100.000000,30,4000,667.409796,550.000,338,47,88.747185,-3%,,11274,9024.567347
mosman,11_2020,478,100.000000,30,4000,636.538781,523.000,332,50,88.411491,-2%,,10879,8804.711297
mosman,12_2020,482,100.000000,30,8230,1006.162105,819.000,333,52,88.216645,1%,,11595,11026.707469
north sydney,01_2021,1197,100.000000,26,14589,294.599213,180.000,921,150,90.946243,,,27135,4618.187135
north sydney,02_2021,1188,99.915825,26,14589,263.199560,185.000,916,150,91.306957,-1%,,25938,4320.060606
north sydney,03_2021,1178,99.915110,26,14589,272.397764,177.000,910,146,91.168799,-1%,0%,26527,4518.991511
north sydney,04_2021,1184,99.831081,26,14589,257.703702,180.000,898,147,90.731174,0%,100%,27185,4430.896115
north sydney,05_2020,1350,100.000000,21,10000,347.105518,175.000,1036,177,89.629462,14%,-100%,26949,3852.506667
north sydney,06_2020,1337,100.000000,21,3150,353.609378,180.000,1028,179,89.394566,-1%,,27417,3959.500374
north sydney,07_2020,1317,100.000000,19,3150,397.689301,185.000,1007,170,89.835643,-1%,,27411,4070.677297
north sydney,08_2020,1157,100.000000,26,14589,227.362795,145.000,873,151,90.027978,-12%,,22492,3787.452895
north sydney,09_2020,1282,100.000000,26,14589,248.165190,156.000,978,157,90.374122,11%,,26800,3998.806552
north sydney,10_2020,1258,100.000000,26,14589,275.040527,160.000,961,160,90.635393,-2%,,27606,4331.064388
north sydney,11_2020,1190,100.000000,26,14589,241.783405,165.000,916,146,90.823470,-5%,,25845,4212.124370
north sydney,12_2020,1202,100.000000,26,14589,290.968013,179.000,933,151,91.267714,1%,,27934,4744.770383
northern beaches,01_2021,4844,99.979356,20,10000,732.916398,411.000,3931,680,92.800166,,,111684,8547.450248
northern beaches,02_2021,4807,99.958394,20,10000,628.054994,403.000,3920,663,92.540396,-1%,100%,106619,7771.962763
northern beaches,03_2021,4769,99.958062,20,10000,636.016713,414.000,3890,651,92.619547,-1%,0%,107635,7834.140281
northern beaches,04_2021,4712,99.681664,20,10000,662.299297,440.000,3841,633,92.603864,-1%,650%,105926,7928.253820
northern beaches,05_2020,5040,100.000000,12,7654,807.289825,429.000,4152,731,92.860167,7%,-100%,107647,6747.822817
northern beaches,06_2020,4989,100.000000,13,7151,796.638798,424.000,4113,727,93.008491,-1%,,106527,6806.351974
northern beaches,07_2020,4960,100.000000,1,7137,872.631391,464.000,4078,718,92.908881,-1%,,107250,6935.737500
northern beaches,08_2020,4461,100.000000,15,10000,525.454865,318.000,3651,687,92.597147,-10%,,91553,6307.751401
northern beaches,09_2020,4837,100.000000,15,10000,518.955437,309.000,3983,695,92.388154,8%,,107295,7041.925574
northern beaches,10_2020,4778,100.000000,15,10000,592.058585,350.000,3909,690,92.685831,-1%,,111408,7723.583508
northern beaches,11_2020,4763,100.000000,20,10000,595.382960,352.000,3896,682,92.566746,0%,,109564,7872.260970
northern beaches,12_2020,4891,99.959109,20,10000,762.023960,446.000,3987,692,92.443830,3%,,122167,9545.128604
parramatta,01_2021,541,100.000000,20,3000,157.059274,161.000,403,66,89.596673,,,10490,2018.994455
parramatta,02_2021,537,99.627561,20,3000,154.923839,148.000,400,66,85.814319,-1%,,9174,1629.124767
parramatta,03_2021,521,99.424184,20,3000,174.295426,158.000,393,63,85.875589,-3%,50%,9347,1695.925144
parramatta,04_2021,515,98.640777,20,3000,221.235391,219.000,398,63,88.137929,-2%,133%,9108,1731.563107
parramatta,05_2020,605,100.000000,14,3000,802.404816,135.000,427,71,89.002740,19%,-100%,9265,2362.502479
parramatta,06_2020,581,100.000000,14,3000,786.095293,130.000,415,69,87.479282,-4%,,9353,1983.409639
parramatta,07_2020,572,100.000000,14,3000,1027.457137,170.000,405,71,87.078784,-2%,,9495,1937.877622
parramatta,08_2020,502,100.000000,20,3000,113.965961,85.000,369,65,86.746282,-12%,,8115,1695.183267
parramatta,09_2020,539,100.000000,20,3000,126.272586,119.000,395,68,88.572125,7%,,9111,1702.326531
parramatta,10_2020,537,100.000000,20,3000,115.525823,111.000,394,64,89.031663,0%,,9850,1655.938547
parramatta,11_2020,537,100.000000,20,3000,126.994222,123.000,395,64,88.816964,0%,,9003,1517.821229
parramatta,12_2020,524,100.000000,20,3000,135.688403,134.000,400,66,90.603210,-2%,,10554,1997.339695
penrith,01_2021,169,100.000000,24,1795,535.709391,225.000,110,38,94.878869,,,2270,2793.319527
penrith,02_2021,165,99.393939,24,1832,526.567013,200.000,106,38,95.129767,-3%,,2371,3217.630303
penrith,03_2021,164,99.390244,24,2295,695.593800,218.000,107,38,94.959502,-1%,0%,2494,3516.335366
penrith,04_2021,168,98.809524,24,2180,237.774690,242.000,113,40,94.670167,2%,100%,2527,2838.357143
penrith,05_2020,178,100.000000,25,1500,190.961985,151.000,116,44,95.693644,7%,-100%,2302,1364.443820
penrith,06_2020,172,100.000000,25,1500,190.896300,151.000,113,42,95.823884,-3%,,2272,1444.558140
penrith,07_2020,176,100.000000,30,2164,704.515475,200.000,111,39,95.070675,2%,,2187,1529.153409
penrith,08_2020,156,100.000000,24,1500,172.193115,114.000,105,41,94.517337,-11%,,1824,1488.961538
penrith,09_2020,166,100.000000,24,2399,885.800504,175.000,113,42,94.079420,6%,,2343,2175.168675
penrith,10_2020,159,100.000000,24,2084,781.388081,145.000,106,40,94.104700,-4%,,2675,3256.849057
penrith,11_2020,155,100.000000,24,2329,875.208746,179.000,104,39,94.089433,-3%,,2247,3107.916129
penrith,12_2020,161,100.000000,24,2172,798.748451,165.000,108,38,94.969363,4%,,2795,3609.453416
randwick,01_2021,3030,100.000000,18,10000,441.298541,250.000,2434,227,88.288896,,,73355,4382.172277
randwick,02_2021,3045,99.704433,18,10000,382.423567,245.000,2426,226,87.778225,0%,,71572,4227.218062
randwick,03_2021,3002,99.666889,18,10000,364.363588,215.000,2396,217,87.754209,-1%,11%,71636,4172.160560
randwick,04_2021,2989,99.498160,15,10000,373.640214,210.000,2383,212,87.009360,-1%,50%,71459,4165.140181
randwick,05_2020,3283,100.000000,5,10001,493.263277,201.000,2606,264,88.325295,10%,-100%,75640,4169.027414
randwick,06_2020,3275,100.000000,4,10000,461.845148,200.000,2597,265,88.422284,0%,,75066,4127.173435
randwick,07_2020,3203,100.000000,4,10000,533.352769,219.000,2541,258,88.682853,-2%,,74290,4228.264752
randwick,08_2020,2802,100.000000,11,10000,297.111743,171.000,2231,242,88.677893,-13%,,61496,3798.783369
randwick,09_2020,3143,100.000000,14,10000,370.373814,195.000,2506,243,88.483250,12%,,72601,4017.851416
randwick,10_2020,3080,100.000000,15,10000,376.683917,200.000,2468,237,88.254883,-2%,,73776,4243.011039
randwick,11_2020,3014,100.000000,16,10000,358.800882,199.000,2430,229,88.118427,-2%,,71788,4271.851360
randwick,12_2020,3038,100.000000,16,10000,453.308015,244.000,2451,230,88.442276,1%,,75487,4695.329164
ryde,01_2021,598,100.000000,14,2215,297.774760,119.000,456,78,89.595840,,,12604,2328.617057
ryde,02_2021,594,100.000000,14,1746,144.093355,138.000,453,75,89.381556,-1%,,11774,2149.104377
ryde,03_2021,587,100.000000,14,2321,146.801995,142.000,447,72,88.966359,-1%,,12112,2235.221465
ryde,04_2021,555,99.819820,15,5000,141.574279,146.000,427,71,89.223502,-6%,,11427,2500.515315
ryde,05_2020,718,100.000000,20,2546,685.874463,165.000,518,93,90.402936,30%,-100%,11781,2401.759053
ryde,06_2020,686,100.000000,20,2456,674.873398,161.000,503,90,91.007713,-4%,,12042,2272.157434
ryde,07_2020,673,100.000000,20,2711,936.663019,190.000,492,86,92.368523,-2%,,11939,2910.824666
ryde,08_2020,534,100.000000,16,829,114.656045,110.000,413,71,90.856098,-21%,,9370,1686.490637
ryde,09_2020,596,100.000000,16,829,120.229215,117.000,463,81,87.577261,12%,,10889,1761.953020
ryde,10_2020,586,100.000000,16,829,124.881724,125.000,460,82,87.637299,-2%,,11534,1978.380546
ryde,11_2020,581,100.000000,16,829,129.232279,130.000,457,78,88.658009,-1%,,10715,1850.462995
ryde,12_2020,589,100.000000,16,1086,134.664520,144.000,460,79,89.537906,1%,,12363,2223.342954
strathfield,01_2021,178,100.000000,20,4567,116.423860,113.000,141,21,87.114849,,,3253,1882.758427
strathfield,02_2021,178,100.000000,20,4567,117.751256,118.000,141,22,87.599657,0%,,2867,1441.612360
strathfield,03_2021,176,100.000000,20,4567,109.986541,114.000,141,22,88.660038,-1%,,2960,1458.244318
strathfield,04_2021,177,99.435028,20,4567,113.347145,105.000,144,21,88.420055,0%,,2998,1468.723164
strathfield,05_2020,208,100.000000,15,1000,120.580635,120.000,157,26,92.686590,18%,-100%,3597,2077.187500
strathfield,06_2020,209,100.000000,16,999,116.603095,122.000,156,24,92.655191,0%,,3332,1404.435407
strathfield,07_2020,205,100.000000,16,999,127.117946,136.000,152,25,92.635013,-2%,,3292,1669.604878
strathfield,08_2020,175,100.000000,20,4567,145.081014,124.000,134,23,92.281725,-15%,,2390,1173.314286
strathfield,09_2020,199,100.000000,20,4567,125.051323,124.000,149,26,92.119377,14%,,3258,1417.969849
strathfield,10_2020,194,100.000000,20,4567,139.434045,106.000,145,26,92.269082,-3%,,3292,1447.757732
strathfield,11_2020,183,100.000000,20,4567,98.945136,85.000,141,21,88.586566,-6%,,2769,1218.786885
strathfield,12_2020,177,100.000000,20,4567,130.771053,128.000,141,21,88.062784,-3%,,3108,1476.598870
sutherland shire,01_2021,518,100.000000,24,1741,246.096222,151.000,452,143,95.539089,,,11124,5060.635135
sutherland shire,02_2021,510,100.000000,24,1988,232.779217,161.000,447,141,96.231959,-2%,,10423,4621.754902
sutherland shire,03_2021,512,100.000000,24,1988,285.525040,214.000,450,137,96.209408,0%,,10597,4609.646484
sutherland shire,04_2021,507,99.408284,24,2143,280.890904,212.000,441,135,96.258793,-2%,,10374,4622.970414
sutherland shire,05_2020,564,100.000000,35,2440,628.594907,199.000,486,145,94.784959,12%,-100%,10273,3858.437943
sutherland shire,06_2020,544,100.000000,34,2440,635.058732,195.000,474,146,92.872886,-4%,,10612,4139.851103
sutherland shire,07_2020,529,100.000000,35,2710,890.654547,250.000,464,142,92.910508,-3%,,10447,4360.909263
sutherland shire,08_2020,478,100.000000,24,1500,212.157531,150.000,426,141,95.520488,-10%,,9114,3879.598326
sutherland shire,09_2020,510,100.000000,24,1523,213.636575,150.000,453,142,95.242502,7%,,10479,4236.749020
sutherland shire,10_2020,507,100.000000,22,1500,214.937192,143.000,448,142,95.282264,-1%,,10631,4527.960552
sutherland shire,11_2020,508,100.000000,24,1500,223.626357,146.000,449,139,95.369933,0%,,10263,4519.163386
sutherland shire,12_2020,515,100.000000,24,1669,241.016844,150.000,454,143,95.343026,1%,,12220,5712.073786
sydney,01_2021,8153,100.000000,11,23929,407.539327,186.000,5625,823,90.728208,,,191368,4237.681958
sydney,02_2021,8074,99.913302,11,23571,367.864478,188.000,5581,803,90.691986,-1%,,185801,4020.817934
sydney,03_2021,7956,99.824032,11,22500,415.549065,187.000,5538,790,90.491597,-2%,100%,184755,4204.810458
sydney,04_2021,7773,99.588319,11,14315,350.987659,182.000,5440,763,90.356620,-3%,129%,185407,4132.128007
sydney,05_2020,9593,100.000000,0,14315,578.183485,185.000,6262,958,90.930292,24%,-100%,191705,3651.307307
sydney,06_2020,9364,100.000000,0,14314,574.894315,210.000,6185,941,91.036309,-2%,,193943,3719.978428
sydney,07_2020,9021,100.000000,0,14315,762.768186,228.000,6017,917,91.069830,-4%,,192223,4114.458597
sydney,08_2020,7629,100.000000,11,14315,169.115076,135.000,5210,850,91.227916,-15%,,155021,3056.577664
sydney,09_2020,8458,100.000000,11,14315,176.247295,141.000,5838,868,91.355255,11%,,180026,3284.350437
sydney,10_2020,8323,100.000000,11,14315,181.295702,146.000,5774,856,91.402911,-2%,,185882,3531.319837
sydney,11_2020,8188,100.000000,11,22500,180.658067,144.000,5728,847,91.083159,-2%,,182866,3583.400342
sydney,12_2020,8056,100.000000,11,22500,207.764383,156.000,5668,840,90.865970,-2%,,196662,4181.368297
the hills shire,01_2021,299,100.000000,25,8224,402.033435,209.000,225,51,92.066978,,,5030,3131.076923
the hills shire,02_2021,295,100.000000,25,6627,367.932929,201.000,222,52,91.879402,-1%,,4900,2338.766102
the hills shire,03_2021,288,99.652778,25,6025,456.122867,274.000,220,51,91.945678,-3%,,4621,2403.965278
the hills shire,04_2021,278,98.920863,25,6942,489.408741,283.000,213,47,92.038009,-4%,200%,4674,2569.237410
the hills shire,05_2020,325,100.000000,24,6986,514.313021,80.000,259,68,93.678604,18%,-100%,4798,1903.344615
the hills shire,06_2020,314,100.000000,24,6984,514.588287,80.000,250,62,93.261652,-3%,,4879,1945.716561
the hills shire,07_2020,326,100.000000,26,6985,1438.619720,2157.000,250,65,93.229449,4%,,4730,2267.966258
the hills shire,08_2020,304,100.000000,25,9999,208.456060,80.000,244,62,93.222989,-7%,,4206,1602.319079
the hills shire,09_2020,318,100.000000,21,9999,251.921133,181.000,247,62,92.556475,5%,,4774,1892.389937
the hills shire,10_2020,314,100.000000,25,9999,239.137950,165.000,242,60,92.558950,-1%,,4935,2456.280255
the hills shire,11_2020,307,100.000000,25,9999,441.163841,150.000,235,56,92.046964,-2%,,4399,2088.931596
the hills shire,12_2020,296,100.000000,25,7918,516.917750,255.000,227,51,92.012936,-4%,,5498,4009.027027
waverley,01_2021,4780,99.958159,5,10000,602.494887,356.000,3975,340,92.427648,,,121074,6035.685146
waverley,02_2021,4737,99.915558,5,10000,601.548375,350.000,3945,333,92.633143,-1%,100%,118825,5984.411864
waverley,03_2021,4678,99.914493,5,10000,521.279738,340.000,3908,321,92.828030,-1%,0%,117787,5810.834117
waverley,04_2021,4622,99.632194,5,10000,527.808202,350.000,3856,319,92.663349,-1%,325%,116133,5863.527045
waverley,05_2020,5091,100.000000,5,10000,558.097774,300.000,4210,389,91.608588,11%,-100%,120191,5386.739737
waverley,06_2020,5024,100.000000,4,10000,536.191113,300.000,4165,376,91.863868,-1%,,119400,5430.481887
waverley,07_2020,4913,100.000000,5,10000,584.131667,310.000,4085,365,92.380672,-2%,,118065,5455.223692
waverley,08_2020,4218,100.000000,14,10000,423.511064,234.000,3518,324,92.235739,-14%,,98129,5016.964201
waverley,09_2020,4830,100.000000,5,10000,513.878759,274.000,3999,347,92.399475,15%,,116816,5370.901242
waverley,10_2020,4765,100.000000,5,10000,510.399018,289.000,3968,344,92.513139,-1%,,118461,5586.344386
waverley,11_2020,4740,100.000000,5,10000,496.324383,300.000,3964,340,92.136643,-1%,,118042,5626.181857
waverley,12_2020,4803,99.979180,5,10000,634.382509,400.000,4009,345,92.498100,1%,,123079,6210.733292
willoughby,01_2021,490,100.000000,24,14568,321.087869,183.000,373,53,91.834943,,,10220,5695.526531
willoughby,02_2021,477,99.790356,24,14568,206.471594,182.000,367,51,91.778245,-3%,,9474,4775.320755
willoughby,03_2021,479,99.791232,24,14568,244.063353,195.000,366,51,91.844353,0%,0%,9790,4924.964509
willoughby,04_2021,470,99.787234,24,14568,232.722145,175.000,358,47,91.305230,-2%,0%,9629,4963.395745
willoughby,05_2020,528,100.000000,26,2599,411.029424,170.000,403,54,90.134226,13%,-100%,9205,3605.594697
willoughby,06_2020,524,100.000000,25,2600,439.770703,180.000,401,50,90.314908,-1%,,9149,3505.637405
willoughby,07_2020,527,100.000000,22,2711,638.192947,180.000,391,50,90.672238,1%,,8980,3327.988615
willoughby,08_2020,467,100.000000,24,14568,214.040507,133.000,348,46,90.511899,-11%,,7843,3916.398287
willoughby,09_2020,501,100.000000,19,14568,218.194653,139.000,376,51,90.574760,7%,,8792,4060.848303
willoughby,10_2020,493,100.000000,24,14568,243.795572,165.000,371,50,90.584448,-2%,,9741,4996.689655
willoughby,11_2020,485,100.000000,24,14568,210.447065,175.000,372,53,91.147116,-2%,,9212,4706.740206
willoughby,12_2020,485,100.000000,22,14568,238.127819,165.000,375,54,91.899562,0%,,10821,5825.529897
woollahra,01_2021,1390,100.000000,25,28613,765.405928,385.000,1164,124,92.162026,,,33614,7258.160432
woollahra,02_2021,1382,99.927641,25,28613,747.676503,350.000,1157,126,92.384038,-1%,,32320,6885.488423
woollahra,03_2021,1370,100.000000,25,28613,727.626943,300.000,1152,123,92.138314,-1%,-100%,32364,6739.399270
woollahra,04_2021,1312,99.771341,25,28613,779.157913,312.000,1101,119,92.942294,-4%,,31858,7521.035061
woollahra,05_2020,1549,100.000000,23,12076,846.515060,338.000,1281,144,92.984735,18%,-100%,34279,6124.092318
woollahra,06_2020,1510,100.000000,23,12075,769.510095,325.000,1255,139,93.004963,-3%,,34176,6189.841722
woollahra,07_2020,1485,100.000000,25,28613,742.028122,315.000,1230,137,92.955660,-2%,,33653,6775.139394
woollahra,08_2020,1318,100.000000,28,9501,632.757112,281.000,1094,131,92.580033,-11%,,28798,6238.591047
woollahra,09_2020,1471,100.000000,20,28613,750.911455,290.000,1215,132,92.590565,12%,,33214,7080.589395
woollahra,10_2020,1438,100.000000,20,28613,779.916048,300.000,1198,131,92.562555,-2%,,33774,7400.184979
woollahra,11_2020,1415,100.000000,20,28613,685.513192,300.000,1192,134,92.354164,-2%,,33103,6947.042403
woollahra,12_2020,1396,100.000000,25,28613,849.683155,413.000,1172,126,92.450675,-1%,,34094,7626.099570
